{
  "dashboardAuthorizations": {
    "allAuthorized": false,
    "authorizations": [
      {
        "objectRef": {
          "objectId": "Test_scored",
          "objectType": "DATASET"
        },
        "modes": [
          "READ"
        ]
      },
      {
        "objectRef": {
          "objectId": "Predict Drug_type in Train(V1)_1",
          "objectType": "JUPYTER_NOTEBOOK"
        },
        "modes": []
      }
    ]
  },
  "exposedObjects": {
    "objects": []
  },
  "projectType": "REGULAR",
  "projectAppType": "REGULAR",
  "hasSetupSection": false,
  "bundleExporterSettings": {
    "exportOptions": {
      "exportUploads": false,
      "exportManagedFS": false,
      "exportAnalysisModels": false,
      "exportSavedModels": false,
      "exportManagedFolders": false,
      "exportModelEvaluationStores": false,
      "exportProjectResources": true,
      "exportLabelingTasks": false,
      "exportAllInputDatasets": false,
      "exportAllDatasets": false,
      "exportAllInputManagedFolders": false,
      "exportGitRepository": false,
      "exportInsightsData": false,
      "useManualPluginsInfo": false,
      "includedDatasetsData": [],
      "includedSavedModels": [],
      "includedModelEvaluationStores": [],
      "includedManagedFolders": [],
      "includedCodeStudios": [],
      "includedLabelingTasks": [],
      "shareAllInputDatasets": false,
      "exportForeignObjectsReferences": true
    }
  },
  "owner": "pradeep",
  "permissionsVersion": "V2",
  "permissions": [
    {
      "user": "sharique",
      "admin": true,
      "readProjectContent": false,
      "writeProjectContent": true,
      "exportDatasetsData": true,
      "readDashboards": false,
      "writeDashboards": false,
      "moderateDashboards": false,
      "shareToWorkspaces": true,
      "runScenarios": false,
      "manageDashboardAuthorizations": false,
      "manageExposedElements": false,
      "manageAdditionalDashboardUsers": false,
      "executeApp": false
    },
    {
      "user": "manjunath",
      "admin": true,
      "readProjectContent": false,
      "writeProjectContent": true,
      "exportDatasetsData": true,
      "readDashboards": false,
      "writeDashboards": false,
      "moderateDashboards": false,
      "shareToWorkspaces": true,
      "runScenarios": false,
      "manageDashboardAuthorizations": false,
      "manageExposedElements": false,
      "manageAdditionalDashboardUsers": false,
      "executeApp": false
    },
    {
      "user": "ObulN",
      "admin": true,
      "readProjectContent": false,
      "writeProjectContent": true,
      "exportDatasetsData": true,
      "readDashboards": false,
      "writeDashboards": false,
      "moderateDashboards": false,
      "shareToWorkspaces": true,
      "runScenarios": false,
      "manageDashboardAuthorizations": false,
      "manageExposedElements": false,
      "manageAdditionalDashboardUsers": false,
      "executeApp": false
    },
    {
      "user": "aniketc",
      "admin": false,
      "readProjectContent": false,
      "writeProjectContent": true,
      "exportDatasetsData": true,
      "readDashboards": false,
      "writeDashboards": false,
      "moderateDashboards": false,
      "shareToWorkspaces": true,
      "runScenarios": false,
      "manageDashboardAuthorizations": false,
      "manageExposedElements": false,
      "manageAdditionalDashboardUsers": false,
      "executeApp": false
    },
    {
      "user": "vikram",
      "admin": true,
      "readProjectContent": false,
      "writeProjectContent": true,
      "exportDatasetsData": true,
      "readDashboards": false,
      "writeDashboards": false,
      "moderateDashboards": false,
      "shareToWorkspaces": true,
      "runScenarios": false,
      "manageDashboardAuthorizations": false,
      "manageExposedElements": false,
      "manageAdditionalDashboardUsers": false,
      "executeApp": false
    },
    {
      "user": "anuradha",
      "admin": true,
      "readProjectContent": false,
      "writeProjectContent": true,
      "exportDatasetsData": true,
      "readDashboards": false,
      "writeDashboards": false,
      "moderateDashboards": false,
      "shareToWorkspaces": true,
      "runScenarios": false,
      "manageDashboardAuthorizations": false,
      "manageExposedElements": false,
      "manageAdditionalDashboardUsers": false,
      "executeApp": false
    }
  ],
  "additionalDashboardUsers": {
    "users": []
  },
  "tutorialProject": false,
  "settings": {
    "flowAnchorSourcesAndSinks": true,
    "flowDisplaySettings": {
      "zonesGraphRenderingAlgorithm": "DOT_OLDRANK",
      "zonesGraphConnectZones": true
    },
    "gitCommitMode": "AUTO",
    "disableAutomaticTriggers": false,
    "integrations": {
      "integrations": []
    },
    "flowBuildSettings": {
      "mergeSparkPipelines": false,
      "pruneBeforeSparkPipelines": true,
      "mergeSqlPipelines": false,
      "pruneBeforeSqlPipelines": true
    },
    "sharingRequestsEnabled": "INHERIT",
    "limitedVisibilityEnabled": "INHERIT",
    "accessRequestsEnabled": "INHERIT",
    "limitsSettings": {
      "memSampleBytes": {
        "soft": -1,
        "hard": -1
      },
      "shakerMemTableBytes": {
        "soft": -1,
        "hard": -1
      },
      "attachmentBytes": {
        "soft": -1,
        "hard": -1
      }
    },
    "relocationSettings": {
      "sqlLikeRecipesInitializationMode": "RESOLVED_TABLE_REFERENCES"
    },
    "recipeEnginesPreferences": {
      "forbiddenEngines": [],
      "enginesPreferenceOrder": [],
      "forbiddenByRecipeType": {},
      "preferenceByRecipeType": {}
    },
    "codeEnvs": {
      "python": {
        "mode": "INHERIT",
        "preventOverride": false
      },
      "r": {
        "mode": "INHERIT",
        "preventOverride": false
      },
      "julia": {
        "mode": "INHERIT",
        "preventOverride": false
      }
    },
    "container": {
      "containerMode": "INHERIT"
    },
    "datasetsCreationSettings": {
      "useGlobal": true,
      "preferedStorageFormats": "CSV_ESCAPING_NOGZIP_FORHIVE,CSV_EXCEL_GZIP,PARQUET_HIVE",
      "virtualizable": false,
      "allowUploadsWithoutConnection": true
    },
    "hiveEngineCreationSettings": {
      "useGlobal": true,
      "executionEngine": "HIVECLI_LOCAL"
    },
    "sparkEngineCreationSettings": {
      "useGlobal": true,
      "executionEngine": "SPARK_SUBMIT",
      "useGlobalMetastore": false
    },
    "impalaEngineCreationSettings": {
      "useGlobal": true,
      "streamMode": true
    },
    "wikiSettings": {
      "promoted": false
    },
    "cluster": {
      "clusterMode": "INHERIT"
    },
    "k8sCluster": {
      "clusterMode": "INHERIT"
    },
    "virtualWebAppBackendSettings": {
      "mode": "INHERIT",
      "preventOverride": false,
      "infra": {
        "containerSelection": {
          "containerMode": "INHERIT"
        },
        "overrideGlobalK8sExposition": false,
        "exposition": {
          "type": "local_process",
          "params": {}
        },
        "scaling": {
          "initialReplicas": 1,
          "hpa": false,
          "hpaTargetCPUPercent": 0,
          "hpaMetrics": [],
          "hpaMinPods": 0,
          "hpaMaxPods": 0,
          "hpaAnnotations": []
        },
        "deploymentModifier": {}
      }
    },
    "dkuProperties": []
  },
  "name": "Drug Classification",
  "imgPattern": 7,
  "showInitials": false,
  "metrics": {
    "probes": [],
    "engineConfig": {
      "padRunsWithMetrics": false,
      "hive": {
        "active": true,
        "extraConf": []
      },
      "basic": {},
      "dss": {
        "active": true,
        "selection": {
          "useMemTable": false,
          "filter": {
            "distinct": false,
            "enabled": false
          },
          "partitionSelectionMethod": "ALL",
          "latestPartitionsN": 1,
          "ordering": {
            "enabled": false,
            "rules": []
          },
          "samplingMethod": "FULL",
          "maxRecords": -1,
          "targetRatio": 0.02,
          "withinFirstN": -1,
          "maxReadUncompressedBytes": -1
        }
      },
      "sql": {
        "active": true
      },
      "impala": {
        "active": true
      },
      "spark": {
        "active": true,
        "extraConf": []
      },
      "python": {}
    },
    "displayedState": {
      "columns": [],
      "metrics": []
    }
  },
  "metricsChecks": {
    "runOnBuild": false,
    "checks": [],
    "displayedState": {
      "checks": []
    }
  },
  "versionTag": {
    "versionNumber": 37,
    "lastModifiedBy": {
      "login": "pradeep"
    },
    "lastModifiedOn": 1666240270934
  },
  "creationTag": {
    "versionNumber": 0,
    "lastModifiedBy": {
      "login": "pradeep"
    },
    "lastModifiedOn": 1666067796975
  },
  "description": " **Business objective:**  Predict the outcome of the drugs that might be accurate for the patient.\n \n **The target feature is :** \n              - • Drug type\n **The feature sets are:** \n               - •Age\n               - •Sex\n               - •Blood Pressure Levels (BP)\n               - •Cholesterol Levels\n               - •Na to Potassium Ration",
  "shortDesc": "The project *Drug Classification* was created by Pradeep Reddy on Oct 18th 2022",
  "tags": [],
  "customFields": {},
  "checklists": {
    "checklists": [
      {
        "title": "Your new project\u0027s Todo",
        "createdOn": 0,
        "items": [
          {
            "done": true,
            "text": "Create the project",
            "createdOn": 1666067796976,
            "createdBy": "pradeep",
            "stateChangedOn": 0
          },
          {
            "done": true,
            "text": "Set a project image (click on the color next to the project title)",
            "createdOn": 1666067796976,
            "createdBy": "pradeep",
            "stateChangedOn": 0
          },
          {
            "done": true,
            "text": "Import your [first dataset](projects/DRUGCLASSIFICATION/datasets/new/)",
            "createdOn": 1666067796976,
            "createdBy": "pradeep",
            "stateChangedOn": 0
          },
          {
            "done": true,
            "text": "Organize your work by replacing this with a real todo",
            "createdOn": 1666067796976,
            "createdBy": "pradeep",
            "stateChangedOn": 0
          }
        ]
      }
    ]
  }
}