{
  "type": "step_based",
  "name": "First",
  "active": true,
  "creationTag": {
    "versionNumber": 11,
    "lastModifiedBy": {
      "login": "manjunath"
    },
    "lastModifiedOn": 1666170082931
  },
  "versionTag": {
    "versionNumber": 12,
    "lastModifiedBy": {
      "login": "manjunath"
    },
    "lastModifiedOn": 1666177362106
  },
  "checklists": {
    "checklists": []
  },
  "delayedTriggersBehavior": {
    "delayWhileRunning": true,
    "squashDelayedTriggers": true,
    "suppressTriggersWhileRunning": true
  },
  "tags": [],
  "triggers": [
    {
      "id": "jZPCUlmK",
      "type": "ds_modified",
      "name": "Dataset modified",
      "delay": 900,
      "active": true,
      "params": {
        "watches": [],
        "triggerWhenAllFire": false
      },
      "graceDelaySettings": {
        "delay": 120,
        "checkAgainAfterGraceDelay": true
      }
    }
  ],
  "reporters": [],
  "params": {
    "steps": [
      {
        "id": "build_0_true_d_drugdata_m_ZSZYiZKR_e_o3DSWzIn",
        "type": "build_flowitem",
        "name": "Step #1",
        "runConditionType": "RUN_IF_STATUS_MATCH",
        "runConditionStatuses": [
          "SUCCESS",
          "WARNING"
        ],
        "runConditionExpression": "",
        "resetScenarioStatus": false,
        "delayBetweenRetries": 10,
        "maxRetriesOnFail": 0,
        "params": {
          "builds": [
            {
              "type": "DATASET",
              "itemId": "Train",
              "partitionsSpec": ""
            }
          ],
          "jobType": "RECURSIVE_BUILD",
          "refreshHiveMetastore": true,
          "proceedOnFailure": false
        }
      },
      {
        "id": "check_false",
        "type": "check_dataset",
        "name": "Step #2",
        "runConditionType": "RUN_IF_STATUS_MATCH",
        "runConditionStatuses": [
          "SUCCESS",
          "WARNING"
        ],
        "runConditionExpression": "",
        "resetScenarioStatus": false,
        "delayBetweenRetries": 10,
        "maxRetriesOnFail": 0,
        "params": {
          "checks": [],
          "warningsAsErrors": false,
          "proceedOnFailure": false
        }
      }
    ]
  },
  "automationLocal": false,
  "customFields": {}
}