{
  "type": "split",
  "neverRecomputeExistingPartitions": false,
  "optionalDependencies": false,
  "customMeta": {
    "kv": {}
  },
  "redispatchPartitioning": false,
  "maxRunningActivities": 0,
  "variables": {},
  "dkuProperties": [],
  "inputs": {
    "main": {
      "items": [
        {
          "ref": "Data_preprocessing",
          "deps": []
        }
      ]
    }
  },
  "outputs": {
    "main": {
      "items": [
        {
          "ref": "Train",
          "appendMode": false
        },
        {
          "ref": "Test",
          "appendMode": false
        }
      ]
    }
  },
  "labels": [],
  "versionTag": {
    "versionNumber": 3,
    "lastModifiedBy": {
      "login": "manjunath"
    },
    "lastModifiedOn": 1666166744420
  },
  "creationTag": {
    "versionNumber": 0,
    "lastModifiedBy": {
      "login": "manjunath"
    },
    "lastModifiedOn": 1666162013002
  },
  "tags": [],
  "customFields": {},
  "checklists": {
    "checklists": []
  }
}